date,pbr,bps
2005-01-31,0.69,43128
2005-02-28,0.73,43128
2005-03-31,0.73,43128
2005-04-29,0.61,45518
2005-05-31,0.62,45518
2005-06-30,0.65,45518
2005-07-29,0.66,45518
2005-08-31,0.66,45518
2005-09-30,0.77,45518
2005-10-31,0.79,45518
2005-11-30,0.75,45518
2005-12-29,0.73,45518
2006-01-31,0.66,45518
2006-02-28,0.67,45518
2006-03-31,0.71,45518
2006-04-28,0.74,48823
2006-05-30,0.66,48823
2006-06-30,0.67,48823
2006-07-31,0.71,48823
2006-08-31,0.73,48823
2006-09-29,0.78,48823
2006-10-31,0.76,48823
2006-11-30,0.89,48823
2006-12-28,0.84,48823
2007-01-31,0.76,48823
2007-02-28,0.75,48823
2007-03-30,0.77,48823
2007-04-30,0.76,50527
2007-05-31,0.9,50527
2007-06-29,1.18,50527
2007-07-31,1.15,50527
2007-08-31,1.14,50527
2007-09-28,1.17,50527
2007-10-31,1.33,50527
2007-11-30,1.43,50527
2007-12-28,1.28,50527
2008-01-31,1.52,50527
2008-02-29,1.4,50527
2008-03-31,1.45,50527
2008-04-30,1.43,54254
2008-05-30,1.45,54254
2008-06-30,1.4,54254
2008-07-31,1.42,54254
2008-12-30,1.06,54254
2009-01-30,0.95,54254
2009-02-27,0.76,54254
2009-03-31,0.74,54254
2009-04-30,0.79,54254
2009-05-29,0.79,57582
2009-06-30,0.82,57582
2009-07-31,0.9,57582
2009-08-31,0.87,57582
2009-09-30,0.93,57582
2009-10-30,0.88,57582
2009-11-30,0.86,57582
2009-12-30,0.84,57582
2010-01-29,0.9,57582
2010-02-26,0.88,57582
2010-03-31,0.83,57582
2010-04-30,0.62,72492
2010-05-31,0.59,72492
2010-06-30,0.58,72492
2010-07-30,0.61,72492
2010-08-31,0.6,72492
2010-09-30,0.67,72492
2010-10-29,0.64,72492
2010-11-30,0.61,72492
2010-12-30,0.67,72492
2011-01-31,0.58,72492
2011-02-28,0.51,72492
2011-03-31,0.5,72492
2011-04-29,0.46,74362
2011-05-31,0.5,74362
2011-06-30,0.5,74362
2011-07-29,0.48,74362
2011-08-31,0.46,74362
2011-09-30,0.42,74362
2011-10-31,0.51,74362
2011-11-30,0.51,74362
2011-12-29,0.56,74362
2012-01-31,0.6,74362
2012-02-29,0.52,74362
2012-03-30,0.58,74362
2012-04-30,0.42,104153
2012-05-31,0.4,104153
2012-06-29,0.39,104153
2012-07-31,0.43,104153
2012-08-31,0.55,104153
2012-09-28,0.69,104153
2012-10-31,0.74,104153
2012-11-30,0.75,104153
2012-12-28,0.72,104153
2013-01-31,0.64,104153
2013-02-28,0.69,104153
2013-03-29,0.68,104153
2013-04-30,0.65,108409
2013-05-31,0.51,108409
2013-06-28,0.49,108409
2013-07-31,0.58,108409
2013-08-30,0.51,108409
2013-09-30,0.54,104795
2013-10-31,0.61,104795
2013-11-29,0.63,104795
2013-12-30,0.64,104795
2014-01-29,0.64,104795
2014-02-28,0.66,104795
2014-03-31,0.59,104795
2014-04-30,0.64,96766
2014-05-30,0.6,96766
2014-06-30,0.57,96766
2014-07-31,0.64,96766
2014-08-29,0.58,96766
2014-09-30,0.57,96766
2014-10-31,0.52,96766
2014-11-28,0.59,96766
2014-12-30,0.51,96766
2015-01-30,0.47,96766
2015-02-27,0.44,96766
2015-03-31,0.42,96766
2015-04-30,0.48,96766
2015-05-29,0.49,105341
2015-06-30,0.41,105341
2015-07-31,0.4,105341
2015-08-31,0.38,105341
2015-09-30,0.38,105341
2015-10-30,0.4,105341
2015-11-30,0.36,105341
2015-12-30,0.35,105341
2016-01-29,0.35,105341
2016-02-29,0.36,105341
2016-03-31,0.36,105341
2016-04-29,0.39,105341
2016-05-31,0.36,108944
2016-06-30,0.36,108944
2016-07-29,0.39,108944
2016-08-31,0.39,108944
2016-09-30,0.41,108944
2016-10-31,0.43,108944
2016-11-30,0.39,108944
2016-12-29,0.44,108944
2017-01-31,0.42,108944
2017-02-28,0.45,108944
2017-03-31,0.41,108944
2017-04-28,0.43,108944
2017-05-31,0.51,100460
2017-06-30,0.53,100460
2017-07-31,0.5,100460
2017-08-31,0.45,100460
2017-09-29,0.42,100460
2017-10-31,0.41,100460
2017-11-30,0.44,100460
2017-12-28,0.42,100460
2018-01-31,0.49,100460
2018-02-28,0.46,100460
2018-03-30,0.48,100460
2018-04-30,0.55,100460
2018-05-31,0.71,84640
2018-06-29,0.76,84640
2018-07-31,0.69,84640
2018-08-31,0.62,84640
2018-09-28,0.72,84640
2018-10-31,0.62,84640
2018-11-30,0.6,84640
2018-12-28,0.57,84640
2019-01-31,0.64,84640
2019-02-28,0.59,84640
2019-03-29,0.53,84640
2019-04-30,0.55,84640
2019-05-31,0.47,88750
2019-06-28,0.48,88750
2019-07-31,0.48,88750
2019-08-30,0.44,88750
2019-09-30,0.45,88750
2019-10-31,0.44,88750
2019-11-29,0.42,88750
2019-12-30,0.43,88750
2020-01-31,0.37,88750
2020-02-28,0.32,88750
2020-03-31,0.24,88750
2020-04-29,0.3,88750
2020-05-29,0.35,85073
2020-06-30,0.31,85073
2020-07-31,0.3,85073
2020-08-31,0.28,85073
2020-09-29,0.29,85073
2020-10-30,0.32,85073
2020-11-30,0.33,85073
2020-12-30,0.36,85073
2021-01-29,0.36,85073
2021-02-26,0.37,85073
2021-03-31,0.4,85073
2021-04-30,0.41,85073
2021-05-31,0.41,81040
2021-06-30,0.46,81040
2021-07-30,0.44,81040
2021-08-31,0.45,81040
2021-09-30,0.6,81040
2021-10-29,0.55,81040
2021-11-30,0.43,81040
2021-12-30,0.48,81040
2022-01-28,0.43,81040
2022-02-28,0.51,81040
2022-03-31,0.49,81040
2022-04-29,0.51,81040
2022-05-31,0.43,103337
2022-06-30,0.38,103337
2022-07-29,0.36,103337
2022-08-31,0.42,103337
2022-09-30,0.33,103337
2022-10-31,0.34,103337
2022-11-30,0.34,103337
2022-12-29,0.35,103337
2023-01-31,0.32,103337
2023-02-28,0.27,103337
2023-03-31,0.26,103337
2023-04-28,0.26,103337
2023-05-31,0.22,118693
2023-06-30,0.22,118693
2023-07-31,0.21,118693
2023-08-31,0.21,118693
2023-09-27,0.2,118693
2023-10-31,0.19,118693
2023-11-30,0.21,118693
2023-12-28,0.21,118693
2024-01-31,0.22,118693
2024-02-29,0.24,118693
2024-03-29,0.23,118693
2024-04-30,0.23,118693
2024-05-31,0.27,112167
2024-06-28,0.47,112167
2024-07-31,0.4,112167
2024-08-30,0.47,112167
2024-09-30,0.42,112167
2024-10-31,0.35,112167
2024-11-29,0.4,112167
2024-12-30,0.31,112167
2025-01-31,0.3,112167
2025-02-28,0.31,112167
2025-03-31,0.32,112167
2025-04-30,0.35,112167
2025-05-30,0.33,124079
2025-06-23,0.3,124079
2025-06-24,0.32,124079
2025-06-25,0.34,124079
2025-06-26,0.33,124079
2025-06-27,0.32,124079
2025-06-30,0.34,124079
2025-07-01,0.33,124079
2025-07-02,0.33,124079
2025-07-03,0.35,124079
2025-07-04,0.38,124079
2025-07-07,0.35,124079
2025-07-08,0.36,124079
2025-07-09,0.36,124079
2025-07-10,0.37,124079
2025-07-11,0.37,124079
2025-07-14,0.37,124079
2025-07-15,0.37,124079
2025-07-16,0.36,124079
2025-07-17,0.36,124079
2025-07-18,0.36,124079
2025-07-21,0.36,124079
2025-07-22,0.35,124079
2025-07-23,0.37,124079
2025-07-24,0.36,124079
2025-07-25,0.36,124079
2025-07-28,0.36,124079
2025-07-29,0.35,124079
2025-07-30,0.36,124079
2025-07-31,0.35,124079
2025-08-01,0.33,124079
2025-08-04,0.33,124079
2025-08-05,0.33,124079
2025-08-06,0.34,124079
2025-08-07,0.34,124079
2025-08-08,0.33,124079
2025-08-11,0.33,124079
2025-08-12,0.33,124079
2025-08-13,0.32,124079
2025-08-14,0.32,124079
2025-08-18,0.33,124079
2025-08-19,0.32,124079
2025-08-20,0.32,124079
2025-08-21,0.32,124079
2025-08-22,0.32,124079
2025-08-25,0.33,124079
2025-08-26,0.32,124079
2025-08-27,0.32,124079
2025-08-28,0.32,124079
2025-08-29,0.32,124079
2025-09-01,0.31,124079
2025-09-02,0.32,124079
2025-09-03,0.32,124079
2025-09-04,0.32,124079
2025-09-05,0.32,124079
2025-09-08,0.32,124079
2025-09-09,0.32,124079
2025-09-10,0.33,124079
2025-09-11,0.32,124079
2025-09-12,0.32,124079
2025-09-15,0.32,124079
2025-09-16,0.33,124079
2025-09-17,0.32,124079
2025-09-18,0.33,124079
2025-09-19,0.32,124079
2025-09-22,0.32,124079
2026-10-02,0.29,123774